<?xml version="1.0" encoding="UTF-8"?>
<project-private xmlns="http://www.netbeans.org/ns/project-private/1">
    <editor-bookmarks xmlns="http://www.netbeans.org/ns/editor-bookmarks/2" lastBookmarkId="0"/>
    <open-files xmlns="http://www.netbeans.org/ns/projectui-open-files/2">
        <group>
            <file>file:/D:/2016-2017/Projects/ShoulderSurfing/Final/ShoulderSurfing/src/shouldersurfing/Details.java</file>
            <file>file:/D:/2016-2017/Projects/ShoulderSurfing/Final/ShoulderSurfing/src/shouldersurfing/ColorLogin.java</file>
            <file>file:/D:/2016-2017/Projects/ShoulderSurfing/Final/ShoulderSurfing/src/shouldersurfing/SelectionFrame.java</file>
            <file>file:/D:/2016-2017/Projects/ShoulderSurfing/Final/ShoulderSurfing/src/shouldersurfing/PairBased.java</file>
            <file>file:/D:/2016-2017/Projects/ShoulderSurfing/Final/ShoulderSurfing/src/shouldersurfing/LoginFrame.java</file>
            <file>file:/D:/2016-2017/Projects/ShoulderSurfing/Final/ShoulderSurfing/src/shouldersurfing/LoginForm.java</file>
            <file>file:/D:/2016-2017/Projects/ShoulderSurfing/Final/ShoulderSurfing/src/shouldersurfing/LoadImage.java</file>
            <file>file:/D:/2016-2017/Projects/ShoulderSurfing/Final/ShoulderSurfing/src/shouldersurfing/BankRegister.java</file>
            <file>file:/D:/2016-2017/Projects/ShoulderSurfing/Final/ShoulderSurfing/src/shouldersurfing/AnalysisFrame.java</file>
        </group>
    </open-files>
</project-private>
